t,BSMBrightness,BSMlat,BSMlon,SMC,Cab,Cca,Cant,Cdm,Cw,Cs,N,LAI,LIDFa,LIDFb,SIF_PC1,SIF_PC2,SIF_PC3,SIF_PC4,SZA
0.0099009900990099,0.64941072,23.775814,44.796939,0.18,30,10,2,0.0020000002,0.0025633883,0.1,1.5,1.11022302462517e-13,-0.35,-0.15,2.2204461e-14,-5.5952364,-0.76269628,-2,20.3
0.0198019801980198,0.66822306,23.908993,44.857389,0.18,30,10,2,0.002,0.0024542718,0.1,1.5,1.11022302462517e-13,-0.35,-0.15,2.2204461e-14,-7.2369207,-1.9867615,-2,20.3
0.0297029702970297,0.66482549,24.002344,45.22313,0.18,29.999996,10,2,0.002004033,0.0029174465,0.1,1.5,1.11022302462517e-13,-0.35000008,-0.14999994,1.5147242e-09,-8.6701715,-3.4699247,-2,20.3
0.0396039603960396,0.66085168,24.059402,45.563581,0.18,30,10,2,0.0020000002,0.0026583539,0.1,1.5,1.11022302462517e-13,-0.35,-0.15,2.2233916e-14,-15.398343,-6.3669288,-2,20.3
0.0495049504950495,0.65076496,23.911333,45.956548,0.18,30,10,2,0.0020000001,0.0024637778,0.1,1.5,1.11022302462517e-13,-0.35,-0.15,2.8377767e-08,-16.412363,-5.7842689,-2,20.3
0.0594059405940594,0.63933486,23.919671,45.99009,0.18,29.999999,10,2,0.0020000008,0.0024515536,0.1,1.5,1.11022302462517e-13,-0.35000001,-0.15,1.7619322,-19.603074,-5.4165271,-2,20.3
0.0693069306930693,0.64386792,23.368415,45.324303,0.18,29.999999,10,2,0.0020000014,0.0027052063,0.1,1.5,1.11022302462517e-13,-0.35,-0.15,3.1606356e-14,-17.459195,-5.6348862,-2,20.3
0.0792079207920792,0.65624528,23.285541,44.94346,0.18,30,10,2,0.002,0.002546912,0.1,1.5,1.11022302462517e-13,-0.35,-0.15,2.2204508e-14,-13.272274,-3.2315437,-2,20.3
0.0891089108910891,0.65421778,23.058241,44.710192,0.18,30,10,2,0.0020000001,0.0028050426,0.1,1.5,1.11022302462517e-13,-0.35,-0.15,2.2204931e-14,-11.947593,-3.2356673,-2,20.3
0.099009900990099,0.65694691,23.269963,44.56553,0.18,29.999999,10,2,0.0020000037,0.0029401459,0.1,1.5,1.11022302462517e-13,-0.35,-0.15,2.5982264e-14,-11.417009,-3.9230813,-2,20.3
0.108910891089109,0.66486058,23.258151,44.587223,0.18,30,10,2,0.002,0.0025219616,0.1,1.5,1.11022302462517e-13,-0.35,-0.15,2.2204485e-14,-12.205542,-3.7852633,-2,20.3
0.118811881188119,0.66857541,23.30942,44.521324,0.18,30,10,2,0.0020000004,0.0030084278,0.1,1.5,1.11022302462517e-13,-0.35,-0.15,2.2214583e-14,-10.081995,-3.293439,-2,20.3
0.128712871287129,0.65985034,23.280003,44.610175,0.18,30,10,2,0.002,0.0024977181,0.1,1.5,1.11022302462517e-13,-0.35,-0.15,2.2204461e-14,-9.6490109,-2.7458182,-2,20.3
0.138613861386139,0.65658249,23.405456,44.953747,0.18,30,10,2,0.0020000001,0.0024685868,0.1,1.5,1.11022302462517e-13,-0.35,-0.15,2.2214235e-14,-9.9308329,-1.2771002,-2,20.3
0.148514851485149,0.65093006,23.601078,44.8056,0.18,29.999996,10,2,0.0020000282,0.0032225404,0.1,1.5,1.11022302462517e-13,-0.350000005,-0.149999995,3.0492644e-13,-6.890814,-0.45175368,-2,20.3
0.158415841584158,0.63744636,23.600768,44.778853,0.18,30,10,2,0.002,0.0027127034,0.1,1.5,1.11022302462517e-13,-0.35,-0.15,2.22045e-14,-7.4199267,-1.4860326,-2,20.3
0.168316831683168,0.62485363,23.562475,45.090409,0.18,29.995251,10,1.9999997,0.0020064619,0.0020003925,0.099999988,1.5,1.11022302462517e-13,-0.35001453,-0.14999388,9.3727249e-11,-8.1947573,-1.3715788,-2,20.3
0.178217821782178,0.62338618,23.46038,45.16533,0.18,29.997122,9.9999998,1.9999997,0.0020049811,0.0019999968,0.099999987,1.5,1.11022302462517e-13,-0.35001046,-0.14999507,7.8607077e-08,-8.3498073,-1.0761264,-2,20.3
0.188118811881188,0.6273287,23.311392,45.269381,0.18,29.999907,10,2,0.002000287,0.0019999999,0.1,1.5,1.11022302462517e-13,-0.35000016,-0.14999998,8.3623431e-06,-7.4794643,-0.51385455,-2,20.3
0.198019801980198,0.60875829,23.90107,45.955734,0.18,29.999998,10,2,0.0020006279,0.0023849203,0.1,1.5,1.11022302462517e-13,-0.35000006,-0.14999999,6.2960176,-16.458363,-0.51217961,-2,20.3
0.207920792079208,0.60115873,24.574033,46.630447,0.18,29.999968,9.9999997,1.9999999,0.0020000508,0.0019999896,0.099999984,1.5,1.12132525487142e-13,-0.350001235,-0.150000105,11.345626,-19.310305,0.26134651,-1.9999991,20.3
0.217821782178218,0.59815093,25.071884,46.770188,0.18,30,10,2,0.0020000115,0.0024398,0.1,1.5,1.11022302462517e-13,-0.350000005,-0.149999995,10.478532,-16.830095,0.3593992,-1.9296635,20.3
0.227722772277228,0.60863678,24.888124,46.377468,0.18,29.994857,9.9999966,1.9999977,0.0020131557,0.0019999733,0.099999874,1.5,1.11022302462517e-13,-0.350014925,-0.149997605,6.1222026,-13.143568,0.42620073,-2,20.3
0.237623762376238,0.64018581,23.922719,45.214981,0.18,29.982411,9.9999946,1.9999956,0.002011861,0.0019999172,0.099999755,1.4999999,1.11022302462517e-13,-0.3500346,-0.14998987,9.313085e-08,1.0439663,1.9468948,-2,20.3
0.247524752475248,0.64898849,23.472678,44.760713,0.18,30,10,2,0.002,0.0025491591,0.1,1.5,1.11022302462517e-13,-0.35,-0.15,2.220446e-14,5.6024665,2.6556367,-2,20.3
0.257425742574257,0.65701703,23.51272,44.503111,0.18,30,10,2,0.0020000128,0.0029894859,0.1,1.5,1.11022302462517e-13,-0.35,-0.15,2.2204513e-14,8.1159125,3.0709649,-2,20.3
0.267326732673267,0.65899154,23.300816,44.347333,0.18,30,10,2,0.002,0.0024492408,0.1,1.5,1.11022302462517e-13,-0.35,-0.15,2.220446e-14,6.6298379,0.98077348,-2,20.3
0.277227722772277,0.67370807,23.310416,44.12857,0.18,29.999991,10,2,0.002000029,0.002,0.1,1.5,1.11022302462517e-13,-0.35,-0.15,2.220446e-14,7.4435365,-0.11518472,-2,20.3
0.287128712871287,0.6885495,23.153667,44.00074,0.18,29.999839,10,2,0.0020020892,0.002,0.1,1.5,1.11022302462517e-13,-0.35000002,-0.15,3.863903e-14,6.7546108,-1.2352321,-2,20.3
0.297029702970297,0.7086508,22.817785,43.827557,0.18,29.994,10,1.9999999,0.0020077653,0.0019999902,0.099999994,1.5,1.11022302462517e-13,-0.350006525,-0.149997535,2.5811908e-14,6.7585706,-1.5907835,-2,20.3
0.306930693069307,0.71660936,22.546833,43.815494,0.18,29.995812,10,2,0.0020022493,0.0019999864,0.099999999,1.5,1.11022302462517e-13,-0.350003575,-0.149997475,2.2329636e-14,5.7089547,-2.3723789,-2,20.3
0.316831683168317,0.7119271,22.736527,43.958479,0.18,29.998016,10,2,0.0020014265,0.002,0.1,1.5,1.11022302462517e-13,-0.350000235,-0.149999895,5.8696393e-14,5.0510669,-2.4388676,-2,20.3
0.326732673267327,0.70675042,22.897992,44.05192,0.18,29.999961,10,2,0.0020000736,0.002,0.1,1.5,1.11022302462517e-13,-0.35000001,-0.15,2.2216142e-14,6.2939827,-1.0339061,-2,20.3
0.336633663366337,0.69185053,22.819723,44.244948,0.18,29.999824,10,2,0.0020005459,0.002,0.1,1.5,1.11022302462517e-13,-0.350000035,-0.149999995,6.6184183e-14,6.5019257,0.4050875,-2,20.3
0.346534653465347,0.67070364,23.222477,44.502586,0.18,29.997888,10,2,0.0020006882,0.002,0.1,1.5,1.11022302462517e-13,-0.35000046,-0.14999977,2.4939104e-14,8.3632073,1.5296538,-2,20.3
0.356435643564356,0.64394087,23.051186,44.669121,0.18,29.999991,10,2,0.0020005296,0.002,0.1,1.5,1.11022302462517e-13,-0.35000001,-0.15,2.2204596e-14,8.1379728,0.77900145,-2,20.3
0.366336633663366,0.72638589,24.920014,51.309227,0.18,80.519812,7.8717047,1.6708992,7.4472012e-08,0.13808553,2.138251e-10,2.2357263,0.44970113123982,-0.265452093,-0.215195027,33.799973,-20,9.7531661,-2,20.3
0.376237623762376,0.80170377,24.904651,51.551832,0.32528417,62.21919,10.02667,1.5264193,1.2043436e-10,0.11159863,6.0749164e-13,2.8316512,0.417160589116494,-0.00671849000000001,-0.17790494,32.599849,-20,5.4400984,0.13797258,20.3
0.386138613861386,0.89999951,24.379392,48.232373,0.47415602,45.697961,8.8114581,1.3393048,3.1196215e-08,0.093930147,1.6028753e-11,2.4608157,0.419751635751693,0.078165575,-0.216595965,40,-20,10,2,20.3
0.396039603960396,0.9,23.452755,50.602989,0.50064739,58.270033,12.011038,1.4835672,2.3373233e-14,0.10222476,0.0061489892,2.8955959,0.375799893516163,0.631767825,-0.219428245,40,-20,10,2,20.3
0.405940594059406,0.82768939,21.392512,49.855276,0.38430387,52.185695,14.273939,1.7876134,1.669422e-09,0.098567081,2.0702827e-13,2.483394,0.372113797701134,0.126169403,-0.226002347,28.618629,-20,3.583288,2,20.3
0.415841584158416,0.82816396,20,50.729151,0.40920261,60.776904,18.245337,2.1233645,6.3722134e-10,0.093048911,3.7930344e-11,2.2405757,0.424665755443741,-0.020916035,-0.245936255,37.497882,-20,6.4646832,2,20.3
0.425742574257426,0.9,22.039032,49.35729,0.34768782,71.165457,12.172344,1.786134,2.5043626e-08,0.10992516,3.9699313e-08,2.5680624,0.309991934060565,0.3374186295,-0.2532265405,25.745119,-20,3.214535,-2,20.3
0.435643564356436,0.76349651,21.801442,47.364031,0.18,36.52999,9.4740507,1.958184,0.0013044759,2.3221469e-12,0.02916242,1.5670278,0.0173103422447146,-0.34635442,-0.14045755,4.7284418,-20,-9.9999993,-2,20.3
0.445544554455446,0.80303043,20,40,0.18,30,10,2,0.002001994,0.0025492511,0.10023501,1.5,1.11022302462517e-13,-0.35,-0.15,40,20,10,2,20.3
0.455445544554455,0.6286314,24.306097,49.859743,0.18,55.1046,0.43990336,1.8493491,0.00011579925,0.032290838,0.070141667,1.7889195,0.167195022645886,-0.08016846,-0.15776541,40,-19.999123,10,2,20.3
0.465346534653465,0.60881102,22.905204,42.010024,0.18,29.999996,10,2,0.0020000003,0.0024274363,0.1,1.5,1.11022302462517e-13,-0.35,-0.15,10.058128,20,10,2,20.3
0.475247524752475,0.74991096,22.012132,40.480092,0.18,30,10,2,0.002,0.0026146003,0.1,1.5,1.11022302462517e-13,-0.35,-0.15,2.2204464e-14,20,-0.81432199,-2,20.3
0.485148514851485,0.71080844,20,40.292791,0.18,29.999929,10,2,0.0020000874,0.0025831681,0.1,1.5,1.11022302462517e-13,-0.350000055,-0.149999985,2.2204559e-14,20,-2.6727621,-2,20.3
0.495049504950495,0.6752934,24.36246,44.300421,0.18,29.999443,9.9999998,2,0.0020000222,0.0019999996,0.1,1.5,1.11022302462517e-13,-0.35000002,-0.14999999,2.2205921e-14,17.073724,-2.6145773,-2,20.3
0.504950495049505,0.72869376,26.345306,44.236348,0.18,29.989513,9.9992722,1.9999205,0.0020022549,0.001999038,0.099999243,1.4999997,1.11022302462517e-13,-0.35001173,-0.15000074,15.078195,5.2418411,3.1277594,-2,20.3
0.514851485148515,0.51429315,25.488289,46.786089,0.18,29.677753,8.2149406,1.9693448,0.0019011374,2.220626e-14,0.093476943,1.4939846,0.0216030716296152,-0.363413305,-0.140923425,17.70837,-1.4787907,5.7780787,1.9762965,20.3
0.524752475247525,0.68937884,20,40,0.18,30,10,2,0.0020000001,0.0024884365,0.1,1.5,1.11022302462517e-13,-0.35,-0.15,2.220446e-14,19.73938,10,2,20.3
0.534653465346535,0.7924214,20,47.347939,0.18000079,66.79595,22.706069,2.5649607,0.0025454053,0.091672025,4.8674529e-08,1.4914354,0.798913440937263,-1,0,0.00086075148,-19.999998,-10,-1.9999999,20.3
0.544554455445545,0.87815057,20,53.951677,0.38100342,97.719632,21.683498,2.3216677,1.0783126e-07,0.11198032,1.3428577e-11,2.5598035,0.942746102493777,-0.579369295,-0.210405115,23.364019,-20,9.655631,2,20.3
0.554455445544555,0.89634267,20,48.671225,0.35766358,83.63337,16.404591,2.2471095,3.5531862e-06,0.073083932,1.0019658e-09,2.0739135,1.33327039288458,-0.75600766,-0.24348429,23.308022,-20,9.9997749,1.999886,20.3
0.564356435643564,0.59972102,22.069308,50.281382,0.23012421,53.404978,5.1392838,1.9257274,3.5798503e-05,0.064383197,2.6724007e-14,1.8927479,0.232001434013378,-0.1680288347,-0.1622572853,25.309959,-20,-2.1113495,-1.2664805,20.3
0.574257425742574,0.86981995,20,48.469665,0.3555113,95.899173,14.121618,1.9082827,1.0538998e-08,0.13419508,8.7150409e-11,2.6228971,0.414948379861014,0.00666814,-0.20945285,11.612114,-20,-3.8737896,-2,20.3
0.584158415841584,0.69663632,20.714182,46.442748,0.34727289,77.563257,11.280779,1.7380354,5.2978245e-09,0.12040052,2.3101985e-14,2.2759255,0.737170690224777,-0.367055625,-0.247179205,11.936978,-20,-0.18567075,-2,20.3
0.594059405940594,0.9,20.165194,60.361223,0.44360298,120,26.74104,2.2320946,2.6040639e-14,0.17103301,2.6044425e-14,3.5,0.782315866234829,0.79985367,-0.20014633,16.335377,-20,9.9999998,-2,20.3
0.603960396039604,0.9,20,59.569612,0.40052343,120,31.134935,2.7369576,2.3439077e-14,0.15266078,2.5833425e-14,3.5,0.691948217041269,0.52727367,-0.07728103,39.391432,-20,10,-2,20.3
0.613861386138614,0.78606716,20,50.120793,0.19429343,67.742559,13.559834,2.0027782,8.1767593e-08,0.12027286,3.4438501e-14,1.8828793,0.211091985808825,-0.2567457775,-0.1975564725,9.0307336,-20,-9.7914646,-2,20.3
0.623762376237624,0.82328511,20.000028,51.419132,0.32308277,80.521429,17.97963,2.256347,0.0004284506,0.12227651,9.213658e-08,1.7306782,0.933099667967779,-0.98515181,-0.01482675,7.2927432e-05,-19.997965,-5.2788455,-1.9602653,20.3
0.633663366336634,0.89638849,20,57.52482,0.38341242,110.39457,26.487318,2.5728289,7.177599e-10,0.14968689,1.8910321e-13,2.9768764,0.824772347447379,-0.40447401,-0.09204456,1.2252951e-13,-20,7.5540046,-1.5964649,20.3
0.643564356435644,0.9,20,58.578794,0.37876972,119.99567,28.582799,2.6384711,6.6504118e-08,0.15349231,6.6080551e-12,3.1830482,0.728698342160742,-0.179420395,0.010698465,6.976584e-07,-20,10,-1.1229653,20.3
0.653465346534653,0.9,20,59.701954,0.37796934,120,29.070815,2.6864774,6.1522672e-10,0.14990577,3.0420374e-12,3.1945666,0.700404138568421,-0.071711076,0.049496244,1.1951632,-20,10,-1.1395881,20.3
0.663366336633663,0.9,20,60.141516,0.37836965,120,29.366162,2.7176626,7.3534788e-11,0.14673237,3.0203811e-14,3.1676328,0.715467622183448,-0.06123472565,0.05644321435,4.7095953,-20,10,-0.94152353,20.3
0.673267326732673,0.89999999,20,59.567211,0.37802621,120,28.730468,2.67101,4.3416472e-10,0.14752454,5.821481e-11,3.1353361,0.715960508253563,-0.0985805265,0.0413419935,1.2008338,-20,10,-0.15950075,20.3
0.683168316831683,0.9,20,59.883921,0.38121517,120,29.212609,2.6963991,2.7183677e-14,0.1494109,2.6158845e-14,3.189796,0.676324872047388,0.025926535,0.039948038,0.88391564,-20,10,-0.12529915,20.3
0.693069306930693,0.9,20,58.524823,0.38513323,120,28.70378,2.6142625,1.7338119e-10,0.14724475,1.4367529e-13,3.2177623,0.606511398438469,0.130493945,-0.007019015,1.3442346e-08,-20,9.2212409,2,20.3
0.702970297029703,0.9,20,58.938017,0.38569314,119.99996,29.101764,2.6302866,1.9278272e-09,0.14760622,8.4628513e-10,3.2336297,0.604436112063238,0.189579925,-0.011535435,7.2086951e-07,-20,9.5835203,2,20.3
0.712871287128713,0.89999999,20,57.616166,0.3837488,113.15486,27.823441,2.598749,8.0190093e-08,0.14821415,1.2615974e-12,3.0752117,0.655686047704638,-0.0585210715,-0.0410017745,2.3486096e-07,-20,7.2271355,1.9982498,20.3
0.722772277227723,0.9,20,55.85701,0.37499062,105.70477,26.59251,2.5455593,2.446477e-08,0.14375789,4.0549429e-13,2.8605632,0.593807658637791,-0.0586713095,-0.0716154405,1.083439e-09,-20,1.758055,2,20.3
0.732673267326733,0.9,20,53.063865,0.38175127,89.958064,22.505916,2.4006796,4.8525017e-07,0.13426423,3.5930243e-11,2.3875064,0.696065974822814,-0.43511159,-0.27615653,3.1242695e-09,-20,-2.6589126,-1.9999991,20.3
0.742574257425743,0.88937472,20,51.809402,0.37721472,82.216786,20.707564,2.366165,1.6909969e-05,0.12935673,7.8397724e-09,2.1439558,0.819896977295952,-0.655179375,-0.344820195,6.307725e-06,-20,-2.8645089,-1.9999256,20.3
0.752475247524752,0.89112421,20.000001,53.230319,0.38034902,86.92255,21.539248,2.3876597,7.2156395e-10,0.13280382,1.0543116e-11,2.2756329,0.814231032882439,-0.584681735,-0.350155195,5.1622691e-10,-20,-1.4240114,-2,20.3
0.762376237623762,0.88863,20,52.310493,0.382677,83.592544,20.697041,2.3325278,2.4629924e-07,0.13073786,1.0276107e-09,2.2191922,0.747113538282419,-0.553546,-0.36516331,5.8577344e-08,-20,-3.4699601,-2,20.3
0.772277227722772,0.88387197,20,54.245055,0.38619608,90.722216,21.764074,2.3714307,1.405251e-10,0.13145668,3.0010929e-14,2.4136504,0.782353929298262,-0.512143315,-0.291255905,2.4454596e-08,-20,0.33960063,-0.16504172,20.3
0.782178217821782,0.89933475,20,55.652604,0.38245247,103.81411,23.519578,2.4155148,3.4251343e-12,0.13910444,1.3759744e-12,2.6678331,0.674099111468335,-0.320614435,-0.197660815,5.8386165e-06,-20,5.2946695,1.9999998,20.3
0.792079207920792,0.899972,20.000001,55.868756,0.38104811,104.01265,23.638744,2.4290135,8.1589589e-06,0.14112322,7.9545234e-10,2.7583648,0.67121411386903,-0.28028962,-0.16394347,0.0016516571,-20,5.2016427,1.9996161,20.3
0.801980198019802,0.89999998,20,58.67369,0.38703718,119.73854,26.83759,2.5416687,8.0216998e-08,0.14826159,1.1652711e-10,3.0781986,0.636458613867525,-0.0017828545,-0.0706377205,0.0050006081,-20,9.9999531,1.9999674,20.3
0.811881188118812,0.89999104,20,56.955257,0.37959488,113.87575,25.824928,2.5075495,2.8749946e-14,0.1452039,5.7816243e-14,2.8771156,0.645405008748238,-0.1305032265,-0.1088709835,7.1983715e-07,-20,8.6853288,0.64080521,20.3
0.821782178217822,0.9,20,55.650976,0.37324976,108.69789,24.866294,2.4581289,7.0992209e-10,0.14726611,3.1803779e-14,2.8093786,0.562107260837346,-0.0650474065,-0.1391407135,1.3196389e-09,-20,3.7909646,-1.9999214,20.3
0.831683168316832,0.9,20.000002,55.498968,0.37127248,107.61113,24.461133,2.4607,1.3760622e-11,0.14332227,5.548628e-08,2.7076015,0.605850883988984,-0.206058716,-0.163744474,4.0316776e-06,-20,4.5112225,-1.9961092,20.3
0.841584158415842,0.89721583,20,53.386905,0.36390697,96.052554,22.095625,2.3815257,4.0143487e-07,0.13979565,1.3398708e-11,2.33002,0.617756060730688,-0.42754063,-0.30363972,2.220446e-14,-20,-0.82276548,-2,20.3
0.851485148514851,0.89761681,20,54.287251,0.37066912,96.949855,22.705365,2.4207524,8.1899963e-09,0.14010801,3.7804727e-14,2.4238365,0.701463163331723,-0.468853085,-0.287260645,6.6670985e-07,-20,0.90313103,-2,20.3
0.861386138613861,0.88427101,20.000001,53.117643,0.38381371,94.280669,20.494494,2.3039517,1.0486992e-10,0.13216299,1.2615146e-10,2.3181243,0.812300067931462,-0.582269205,-0.340094365,0.92172995,-20,-0.4299397,-2,20.3
0.871287128712871,0.72665063,20,54.683481,0.34386494,76.17009,17.283533,2.2221187,5.2024458e-07,0.065296589,2.5094617e-07,1.9108678,0.750720600753939,-0.708241535,-0.288470235,39.999992,-20,10,2,20.3
0.881188118811881,0.88125344,23.642435,50.203214,0.2137703,51.528471,3.7473571,1.3810869,2.9080122e-09,0.086049072,2.2693163e-14,2.0711089,0.21542598169433,0.127560061,-0.218093319,40,-20,8.4547826,-2,20.3
0.891089108910891,0.84931297,25.804306,51.832758,0.29021201,64.968657,1.4528807,0.95274539,2.6117372e-10,0.088486345,1.0398899e-11,2.756372,0.287337668651132,0.380608455,-0.244572715,40,-14.268289,9.1281459,2,20.3
0.900990099009901,0.82687864,30.479491,54.860452,0.26477241,55.179188,1.0976191e-13,2.4136111e-14,1.6255497e-12,0.074978367,5.4261172e-14,3.5,0.254189932384915,0.733308755,-0.266590535,40,-3.6713834,10,-2,20.3
0.910891089108911,0.67756783,25.932848,50.542729,0.30810273,7.4728089,1.1009815e-11,2.2052313e-10,3.3160487e-12,0.092493309,4.3091974e-11,3.4999979,0.252978231108435,0.40072576,-0.2428923,40,-20,10,-2,20.3
0.920792079207921,0.6853941,26.719502,52.852145,0.18,2.5948126,2.7793378e-12,3.0129141e-13,3.2106833e-12,0.11530852,2.3002017e-14,3.5,0.244854445245947,0.70206404,-0.29793567,40,-20,10,-2,20.3
0.930693069306931,0.9,37.460313,57.47012,0.18,2.4044772e-14,2.5067176e-14,5.3070535e-14,2.3404228e-14,2.4136901e-14,4.2230309e-14,3.5,0.0424866755546364,0.99999999,9.99999999473644e-09,2.5164033e-05,-20,-10,-2,20.3
0.940594059405941,0.9,37.158559,61.47425,0.18,30,10,2,0.002,0.0019999999,0.1,1.5,1.11577413974829e-13,-0.35,-0.15,2.220446e-14,-20,-10,-2,20.3
0.95049504950495,0.9,37.279759,58.965577,0.18,30,10,2,0.002,0.002,0.1,1.5,1.11577413974829e-13,-0.35,-0.15,2.220446e-14,-20,-10,-2,20.3
0.96039603960396,0.9,30.403987,49.562388,0.18,36.524123,2.2503736e-14,2.2508104e-14,3.380647e-12,0.015700726,2.2522141e-14,2.9378476,0.107665995861268,0.672520915,-0.302557865,40,-20,1.6573374,-2,20.3
0.97029702970297,0.9,27.87536,48.509408,0.18,44.543578,2.5208139e-14,0.70884516,2.4493009e-14,0.00053060216,2.5179941e-14,2.2295623,0.0264455721904173,0.30092994,0.00679779,39.999253,-20,-10,-2,20.3
0.98019801980198,0.89999698,23.129339,47.233546,0.18,38.213739,6.0044023,1.7524347,0.00077039115,0.055169297,1.32685e-13,1.6257005,0.0537117196136638,-0.25328012,-0.15216086,7.2344925,-20,-7.6894191,-2,20.3
0.99009900990099,0.9,24.398523,46.464344,0.18,39.343711,8.0733877,1.9127153,0.00019945042,0.002745593,1.7645756e-05,1.6274105,0.0171384762051389,-0.32637505,-0.10137857,3.9199299,-20,-10,-2,20.3
1,0.9,24.752299,47.363999,0.18,30,10,2,0.0019999999,0.0019999443,0.099999999,1.5000001,1.11022302462517e-13,-0.350066055,-0.149966065,2.220446e-14,-20,-10,-2,20.3
