Do_not_enter_additional_colums_of_text_in_this_sheet,
,
The_following_three_are_always_required,
Simulation_Name,HYPLANT
optipar_file,Optipar2021_ProspectPRO_CX.mat
atmos_file,FLEX-S3_std.atm
soil_file,soilnew.txt
,
mSCOPE_csv,
nly,3
,
atmos_names,
,
The_following_are_only_for_the_time_series_option!,
Dataset_dir,HYPLANT
meteo_ec_csv,HyPlant_SCOPE_input4.csv
t_file,
year_file,
Rin_file,
Rli_file,
p_file,
Ta_file,
ea_file,
u_file,
,
optional,
verification_dir,verificationdata
vegetation_retrieved_csv,
soil_file,
CO2_file,
z_file,
tts_file,
,
"Variables below are COLUMN NAMES in time_series_files (meteo_ec_csv, vegetation_retrieved_csv)",
t,t
Rin,
Rli,
p,
Ta,
u,
ea,
RH,
VPD,
tts,SZA
tto,
psi,
,
N,N
Cab,Cab
Cca,Cca
Cdm,Cdm
Cw,Cw
Cs,Cs
Cant,Cant
,
SMC,SMC
BSMBrightness,BSMBrightness
BSMlat,BSMlat
BSMlon,BSMlon
,
LAI,LAI
hc,
LIDFa,LIDFa
LIDFb,LIDFb
,
z,
Ca,
,
Vcmax25,
BallBerrySlope,
,
,
optiona_leaf_inclination_distribution_file_with_3_headerlines._MUST_be_located_in_./input/leafangles/,
LIDF_file,
